<?xml version="1.0" encoding="UTF-8"?>
<metadata xml:lang="ru"><Esri><CreaDate>20230112</CreaDate><CreaTime>11350100</CreaTime><ArcGISFormat>1.0</ArcGISFormat><SyncOnce>TRUE</SyncOnce><DataProperties><itemProps><itemLocation><linkage Sync="TRUE">file://\\DESKTOP-PBJG0F8\C$\Проекты\2022\Чукотка\gis\wgs\mag_rzhaviy</linkage><protocol Sync="TRUE">Local Area Network</protocol></itemLocation></itemProps><copyHistory><copy source="C:\Проекты\2022\Чукотка\gis\mag_rzhaviy" dest="\\DESKTOP-PBJG0F8\C$\Проекты\2022\Чукотка\gis\wgs\mag_rzhaviy" date="20220519" time="11534600"></copy></copyHistory></DataProperties></Esri></metadata>
